{"metadata":{"bookID":"06543D3B-BB39-4AF2-9913-1D68581B4D28","author":"David Guilliams","rights":"","bookTitle":"De vereeuwiging","subject":"Vijf korte en eenvoudige bewijzen dat er leven na de dood is","languageCode":"nl","publishedDate":"2021-09-16 20:28:07 CEST","publisher":"Mijnbestseller.nl","bookDescription":"Hoe anders zou het leven zijn wanneer iedereen weet dat er leven na de dood is. Dit korte e-book geeft vijf korte en eenvoudige bewijzen dat er leven na de dood is. Geen getuigenissen van mensen die beweren dat ze dood geweest zijn maar redeneringen die aantonen dat er leven na de dood is."}}